{
  "rl": {
    "reward": {
      "mean": -3.8646765625,
      "std": 0.09427449749238359
    },
    "wait": {
      "mean": 1164.5,
      "std": 49.47373040311393
    },
    "queue": {
      "mean": 0.95,
      "std": 0.5220153254455274
    },
    "throughput": {
      "mean": 617.5,
      "std": 20.00124996093994
    }
  },
  "fixed": {
    "reward": {
      "mean": -4.461248482142858,
      "std": 0.17115822196702912
    },
    "wait": {
      "mean": 1787.8,
      "std": 101.3368639735807
    },
    "queue": {
      "mean": 4.0,
      "std": 1.6844880527923016
    },
    "throughput": {
      "mean": 605.3,
      "std": 16.70359242797788
    }
  },
  "improvement": {
    "wait_reduction_pct": 34.86407875601297,
    "queue_reduction_pct": 76.25,
    "throughput_increase_pct": 2.015529489509342
  }
}